{"cameraMode":{"drawMode":0,"name":"Shaded","section":"Shading Mode"},"sceneLighting":true,"audioPlay":false,"sceneViewState":{"showFog":true,"showMaterialUpdate":false,"showSkybox":true,"showFlares":true,"showImageEffects":true,"showParticleSystems":true,"showVisualEffectGraphs":true,"m_FxEnabled":true},"in2DMode":false,"pivot":{"x":3.813722610473633,"y":1.4537277221679688,"z":-1.3679351806640626},"rotation":{"x":0.1988448053598404,"y":0.21984310448169709,"z":-0.04582468047738075,"w":0.9539546966552734},"size":11.265291213989258,"orthographic":true}