{"cameraMode":{"drawMode":0,"name":"Shaded","section":"Shading Mode"},"sceneLighting":true,"audioPlay":false,"sceneViewState":{"showFog":true,"showMaterialUpdate":false,"showSkybox":true,"showFlares":true,"showImageEffects":true,"showParticleSystems":true,"showVisualEffectGraphs":true,"m_FxEnabled":true},"in2DMode":false,"pivot":{"x":14.19841480255127,"y":-0.9652423858642578,"z":-0.42291259765625},"rotation":{"x":0.11355862021446228,"y":-0.058087099343538287,"z":0.0066507612355053429,"w":0.9918088912963867},"size":24.80339241027832,"orthographic":true}